Day,Forecasted_Value
Day 1,32.81999999999986
Day 2,32.81999999999986
Day 3,32.81999999999986
Day 4,32.81999999999986
Day 5,32.81999999999986
Day 6,32.81999999999986
Day 7,32.81999999999986
